ObservationDate,Confirmed,Deaths,Recovered
2020-01-22,557.0,17.0,30.0
2020-01-23,1097.0,34.0,60.0
2020-01-24,941.0,26.0,39.0
2020-01-25,1437.0,42.0,42.0
2020-01-26,2118.0,56.0,56.0
2020-01-27,2927.0,82.0,65.0
2020-01-28,5578.0,131.0,108.0
2020-01-29,6165.0,133.0,127.0
2020-01-30,8235.0,171.0,145.0
2020-01-31,9925.0,213.0,225.0
2020-02-01,12038.0,259.0,287.0
2020-02-02,16787.0,362.0,476.0
2020-02-03,19881.0,426.0,627.0
2020-02-04,23892.0,492.0,857.0
2020-02-05,27636.0,564.0,1129.0
2020-02-06,30818.0,634.0,1492.0
2020-02-07,34392.0,719.0,2016.0
2020-02-08,37121.0,806.0,2616.0
2020-02-09,40151.0,906.0,3245.0
2020-02-10,42763.0,1013.0,3947.0
2020-02-11,44803.0,1113.0,4684.0
2020-02-12,45222.0,1118.0,5151.0
2020-02-13,60370.0,1371.0,6294.0
2020-02-14,66887.0,1523.0,8057.0
2020-02-15,69033.0,1666.0,9396.0
2020-02-16,71226.0,1770.0,10866.0
2020-02-17,73260.0,1868.0,12583.0
2020-02-18,75138.0,2007.0,14352.0
2020-02-19,75641.0,2122.0,16121.0
2020-02-20,76199.0,2247.0,18179.0
2020-02-21,76843.0,2251.0,18892.0
2020-02-22,78599.0,2458.0,22889.0
2020-02-23,78985.0,2469.0,23394.0
2020-02-24,79570.0,2629.0,25227.0
2020-02-25,80415.0,2708.0,27905.0
2020-02-26,81397.0,2770.0,30386.0
2020-02-27,82756.0,2814.0,33278.0
2020-02-28,84125.0,2872.0,36710.0
2020-02-29,86012.0,2941.0,39781.0
2020-03-01,88368.0,2996.0,42717.0
2020-03-02,90311.0,3085.0,45601.0
2020-03-03,92856.0,3160.0,48228.0
2020-03-04,95127.0,3254.0,51170.0
2020-03-05,97936.0,3349.0,53796.0
2020-03-06,101763.0,3460.0,55864.0
2020-03-07,105832.0,3563.0,58357.0
2020-03-08,109820.0,3803.0,60695.0
2020-03-09,113776.0,4002.0,62512.0
2020-03-10,118587.0,4262.0,64400.0
2020-03-11,125850.0,4615.0,66999.0
2020-03-12,128329.0,4720.0,68321.0
2020-03-13,145182.0,5404.0,70248.0
2020-03-14,156084.0,5819.0,72622.0
2020-03-15,167408.0,6440.0,76033.0
2020-03-16,181571.0,7126.0,78088.0
2020-03-17,197205.0,7906.0,80832.0
2020-03-18,214983.0,8736.0,83308.0
2020-03-19,242674.0,9869.0,84961.0
2020-03-20,272268.0,11300.0,87402.0
2020-03-21,304672.0,12972.0,91655.0
2020-03-22,337867.0,14633.0,97225.0
2020-03-23,378498.0,16527.0,100942.0
2020-03-24,417891.0,18635.0,107681.0
2020-03-25,467535.0,21207.0,113742.0
2020-03-26,529674.0,24005.0,122124.0
2020-03-27,593447.0,27230.0,130898.0
2020-03-28,660731.0,30691.0,139406.0
2020-03-29,720010.0,33991.0,149062.0
2020-03-30,782363.0,37664.0,164437.0
2020-03-31,857474.0,42183.0,178007.0
2020-04-01,932440.0,47363.0,193329.0
2020-04-02,1013013.0,53187.0,210515.0
2020-04-03,1095766.0,59039.0,226022.0
2020-04-04,1175834.0,64916.0,246373.0
2020-04-05,1249488.0,69739.0,260229.0
2020-04-06,1321241.0,75053.0,276861.0
2020-04-07,1394928.0,82384.0,300271.0
2020-04-08,1480260.0,88895.0,329044.0
2020-04-09,1563699.0,96000.0,354264.0
2020-04-10,1657136.0,103097.0,376321.0
2020-04-11,1735165.0,109093.0,402328.0
2020-04-12,1834310.0,114798.0,421909.0
2020-04-13,1904365.0,120313.0,448932.0
2020-04-14,1975711.0,126810.0,474523.0
2020-04-15,2055594.0,135068.0,511150.0
2020-04-16,2152147.0,144603.0,542301.0
2020-04-17,2239794.0,154672.0,568598.0
2020-04-18,2321117.0,160457.0,592521.0
2020-04-19,2400898.0,166017.0,624233.0
2020-04-20,2471984.0,171005.0,646256.0
2020-04-21,2549043.0,177579.0,680296.0
2020-04-22,2627680.0,184106.0,709831.0
2020-04-23,2708317.0,191893.0,738573.0
2020-04-24,2811332.0,198235.0,793485.0
2020-04-25,2897486.0,203955.0,816726.0
2020-04-26,2971888.0,207764.0,865981.0
2020-04-27,3042301.0,212464.0,894330.0
2020-04-28,3117209.0,218483.0,928962.0
2020-04-29,3195906.0,228935.0,972918.0
2020-04-30,3259205.0,234577.0,1015102.0
2020-05-01,3346774.0,239834.0,1053580.0
2020-05-02,3429781.0,245177.0,1093137.0
2020-05-03,3508944.0,248929.0,1125478.0
2020-05-04,3585276.0,253070.0,1162965.0
2020-05-05,3665092.0,258683.0,1199006.0
2020-05-06,3758519.0,265100.0,1245700.0
2020-05-07,3848863.0,270809.0,1285085.0
2020-05-08,3940356.0,276146.0,1322257.0
2020-05-09,4026681.0,280587.0,1375722.0
2020-05-10,4104024.0,284004.0,1409293.0
2020-05-11,4179421.0,287667.0,1456413.0
2020-05-12,4264441.0,293246.0,1493639.0
2020-05-13,4350086.0,298412.0,1548788.0
2020-05-14,4444831.0,303604.0,1588129.0
2020-05-15,4544937.0,308878.0,1637398.0
2020-05-16,4636792.0,313077.0,1693347.0
2020-05-17,4716827.0,316428.0,1734214.0
2020-05-18,4805351.0,319807.0,1787121.0
2020-05-19,4900625.0,324521.0,1839188.0
2020-05-20,4999275.0,329335.0,1897701.0
2020-05-21,5105342.0,334079.0,1948929.0
2020-05-22,5213970.0,339366.0,2056729.0
2020-05-23,5313395.0,343314.0,2112134.0
2020-05-24,5410161.0,346195.0,2168599.0
2020-05-25,5497548.0,347375.0,2231780.0
2020-05-26,5592940.0,351650.0,2286936.0
2020-05-27,5695057.0,356692.0,2350002.0
2020-05-28,5812595.0,361294.0,2415880.0
2020-05-29,5927820.0,365829.0,2493374.0
2020-05-30,6062346.0,370052.0,2564529.0
2020-05-31,6169766.0,372819.0,2641229.0
2020-06-01,6268969.0,376350.0,2695937.0
2020-06-02,6390325.0,381093.0,2729444.0
2020-06-03,6509006.0,386614.0,2804886.0
2020-06-04,6637319.0,391725.0,2869884.0
2020-06-05,6774880.0,396661.0,3013059.0
2020-06-06,6900788.0,400522.0,3085760.0
2020-06-07,7014836.0,403297.0,3140855.0
2020-06-08,7123277.0,407091.0,3293391.0
2020-06-09,7247061.0,411929.0,3375644.0
2020-06-10,7365859.0,416632.0,3454811.0
2020-06-11,7519877.0,421847.0,3540697.0
2020-06-12,7638497.0,425761.0,3613274.0
2020-06-13,7772768.0,430046.0,3698259.0
2020-06-14,7906373.0,433395.0,3769701.0
2020-06-15,8039819.0,437219.0,3857395.0
2020-06-16,8179618.0,443968.0,3955248.0
2020-06-17,8357013.0,449215.0,4074078.0
2020-06-18,8496717.0,454180.0,4155243.0
2020-06-19,8676318.0,460357.0,4245896.0
2020-06-20,8799976.0,464545.0,4378403.0
2020-06-21,8963120.0,468471.0,4447183.0
2020-06-22,9107590.0,472297.0,4526437.0
2020-06-23,9274032.0,477616.0,4630475.0
2020-06-24,9442922.0,482763.0,4746193.0
2020-06-25,9622227.0,489311.0,4839024.0
2020-06-26,9814145.0,494191.0,4944926.0
2020-06-27,9991750.0,498744.0,5051154.0
2020-06-28,10160658.0,501968.0,5140272.0
2020-06-29,10315466.0,505552.0,5235191.0
2020-06-30,10489608.0,511230.0,5352668.0
2020-07-01,10706794.0,516178.0,5577068.0
2020-07-02,10885781.0,521269.0,5753447.0
2020-07-03,11089624.0,526352.0,5863276.0
2020-07-04,11281974.0,530742.0,6058921.0
2020-07-05,11465291.0,534286.0,6178403.0
2020-07-06,11634446.0,538110.0,6302110.0
2020-07-07,11844527.0,544143.0,6447148.0
2020-07-08,12058289.0,549428.0,6605164.0
2020-07-09,12283909.0,554873.0,6739827.0
2020-07-10,12515405.0,560157.0,6879278.0
2020-07-11,12733744.0,565124.0,7005039.0
2020-07-12,12925903.0,569122.0,7116854.0
2020-07-13,13119115.0,573096.0,7257245.0
2020-07-14,13339689.0,578732.0,7399402.0
2020-07-15,13571651.0,584205.0,7559205.0
2020-07-16,13820041.0,589993.0,7711593.0
2020-07-17,14070866.0,596593.0,7895069.0
2020-07-18,14307836.0,602211.0,8045836.0
2020-07-19,14521777.0,606273.0,8133853.0
2020-07-20,14722655.0,610036.0,8290753.0
2020-07-21,14962721.0,616577.0,8467518.0
2020-07-22,15242408.0,623577.0,8646273.0
2020-07-23,15525362.0,633521.0,8823668.0
2020-07-24,15807351.0,639745.0,9051968.0
2020-07-25,16060589.0,645382.0,9271780.0
2020-07-26,16266501.0,648827.0,9409711.0
2020-07-27,16501712.0,654289.0,9586464.0
2020-07-28,16706155.0,659813.0,9721636.0
2020-07-29,17046048.0,667205.0,9959508.0
2020-07-30,17326649.0,673422.0,10173027.0
2020-07-31,17617414.0,679738.0,10372633.0
2020-08-01,17866501.0,685278.0,10553544.0
2020-08-02,18097858.0,689615.0,10692268.0
2020-08-03,18305542.0,694316.0,10914713.0
2020-08-04,18563730.0,700941.0,11135940.0
2020-08-05,18839600.0,708056.0,11357635.0
2020-08-06,19124996.0,715180.0,11546442.0
2020-08-07,19407519.0,721561.0,11738488.0
2020-08-08,19666652.0,727019.0,11938732.0
2020-08-09,19892349.0,731595.0,12117483.0
2020-08-10,20118871.0,736877.0,12281694.0
2020-08-11,20375855.0,743077.0,12586762.0
2020-08-12,20662149.0,750007.0,12828274.0
2020-08-13,20940553.0,755989.0,12991323.0
2020-08-14,21242965.0,766118.0,13274565.0
2020-08-15,21493772.0,771472.0,13443169.0
2020-08-16,21708939.0,775727.0,13676123.0
2020-08-17,21916638.0,774567.0,13887135.0
2020-08-18,22174876.0,781365.0,14114730.0
2020-08-19,22453657.0,788111.0,14332727.0
2020-08-20,22726219.0,794182.0,14540517.0
2020-08-21,22988091.0,799624.0,14709011.0
2020-08-22,23241749.0,804731.0,14908070.0
2020-08-23,23459139.0,809080.0,15135052.0
2020-08-24,23685264.0,813575.0,15334473.0
2020-08-25,23929054.0,819857.0,15566022.0
2020-08-26,24211077.0,826074.0,15791657.0
2020-08-27,24491826.0,831983.0,16000171.0
2020-08-28,24776042.0,837531.0,16199749.0
2020-08-29,25041204.0,842853.0,16411129.0
2020-08-30,25262187.0,846892.0,16621344.0
2020-08-31,25527194.0,851010.0,16822117.0
2020-09-01,25792955.0,857422.0,17077391.0
2020-09-02,26075563.0,863535.0,17295478.0
2020-09-03,26349650.0,869217.0,17516847.0
2020-09-04,26655577.0,874814.0,17721278.0
2020-09-05,26926169.0,879768.0,17921785.0
2020-09-06,27165300.0,883878.0,18143127.0
2020-09-07,27378473.0,893042.0,18329625.0
2020-09-08,27617704.0,897944.0,18529251.0
2020-09-09,27911161.0,904278.0,18781963.0
2020-09-10,28210282.0,910078.0,18998624.0
2020-09-11,28531376.0,915924.0,19222294.0
2020-09-12,28818571.0,920810.0,19445228.0
2020-09-13,29061141.0,924519.0,19633076.0
2020-09-14,29241377.0,927901.0,19782283.0
2020-09-15,29610579.0,935390.0,20086278.0
2020-09-16,29914541.0,941170.0,20315755.0
2020-09-17,30229625.0,946635.0,20535966.0
2020-09-18,30555734.0,952306.0,20787115.0
2020-09-19,30848593.0,957583.0,21024100.0
2020-09-20,31101756.0,961312.0,21261177.0
2020-09-21,31377843.0,965412.0,21506655.0
2020-09-22,31662742.0,971429.0,21724453.0
2020-09-23,31937561.0,976992.0,21987866.0
2020-09-24,32291026.0,983641.0,22243536.0
2020-09-25,32626683.0,989544.0,22482744.0
2020-09-26,32915836.0,994887.0,22744887.0
2020-09-27,33170395.0,998561.0,22958766.0
2020-09-28,33423047.0,1002529.0,23181308.0
2020-09-29,33706404.0,1008448.0,23421347.0
2020-09-30,34032061.0,1014917.0,23669565.0
2020-10-01,34344786.0,1023487.0,23882866.0
2020-10-02,34650526.0,1028562.0,24063392.0
2020-10-03,34968722.0,1033936.0,24318993.0
2020-10-04,35244414.0,1037770.0,24541152.0
2020-10-05,35541134.0,1044708.0,24778620.0
2020-10-06,35872414.0,1050477.0,25009733.0
2020-10-07,36222320.0,1056316.0,25264924.0
2020-10-08,36583808.0,1062537.0,25484501.0
2020-10-09,36944968.0,1068728.0,25691358.0
2020-10-10,37302325.0,1073604.0,25886763.0
2020-10-11,37589331.0,1077616.0,26109403.0
2020-10-12,37881427.0,1081588.0,26309718.0
2020-10-13,38200849.0,1086887.0,26498939.0
2020-10-14,38583083.0,1092959.0,26711282.0
2020-10-15,38990301.0,1099062.0,26918203.0
2020-10-16,39402174.0,1105232.0,27121217.0
2020-10-17,39774952.0,1110799.0,27319500.0
2020-10-18,40091746.0,1114303.0,27521011.0
2020-10-19,40479184.0,1119126.0,27723542.0
2020-10-20,40868407.0,1125684.0,27931677.0
2020-10-21,41312694.0,1132319.0,28142899.0
2020-10-22,41785529.0,1138235.0,28369692.0
2020-10-23,42291897.0,1145232.0,28576426.0
2020-10-24,42747081.0,1151002.0,28788007.0
2020-10-25,43146722.0,1155162.0,28986101.0
2020-10-26,43587908.0,1160672.0,29224400.0
2020-10-27,44059252.0,1168047.0,29814105.0
2020-10-28,44577854.0,1175257.0,30076742.0
2020-10-29,45116309.0,1182310.0,30323493.0
2020-10-30,45682765.0,1190175.0,29715704.0
2020-10-31,46169284.0,1196770.0,30845020.0
2020-11-01,46639333.0,1201797.0,31102837.0
2020-11-02,47144151.0,1207554.0,31383407.0
2020-11-03,47662335.0,1216522.0,31634980.0
2020-11-04,48261049.0,1227194.0,31914299.0
2020-11-05,48857709.0,1235221.0,32217954.0
2020-11-06,49502844.0,1244907.0,32506315.0
2020-11-07,50100163.0,1252532.0,32805331.0
2020-11-08,50584161.0,1258396.0,33058571.0
2020-11-09,51052047.0,1265616.0,33315624.0
2020-11-10,51616256.0,1275687.0,33572984.0
2020-11-11,52264862.0,1286157.0,33953208.0
2020-11-12,52914405.0,1296087.0,34179447.0
2020-11-13,53566478.0,1305675.0,34481579.0
2020-11-14,54161448.0,1314757.0,34759398.0
2020-11-15,54635389.0,1321182.0,34990158.0
2020-11-16,55169097.0,1329120.0,35379591.0
2020-11-17,55781066.0,1340268.0,35814479.0
2020-11-18,56408169.0,1351621.0,36177589.0
2020-11-19,57061754.0,1362654.0,36551888.0
2020-11-20,57730498.0,1374541.0,36907312.0
2020-11-21,58318062.0,1383513.0,37246582.0
2020-11-22,58806043.0,1390708.0,37520306.0
2020-11-23,59331362.0,1399234.0,37931519.0
2020-11-24,59921623.0,1411988.0,38303698.0
2020-11-25,60557847.0,1424025.0,38741108.0
2020-11-26,61140322.0,1434913.0,39107984.0
2020-11-27,61827470.0,1446300.0,39489610.0
2020-11-28,62413501.0,1455583.0,39849316.0
2020-11-29,62902084.0,1462743.0,40167599.0
2020-11-30,63410725.0,1471623.0,40569855.0
2020-12-01,64022822.0,1484426.0,41046059.0
2020-12-02,64674220.0,1496898.0,41508985.0
2020-12-03,65368720.0,1509473.0,41935969.0
2020-12-04,66051996.0,1521993.0,42426586.0
2020-12-05,66694027.0,1532282.0,42862534.0
2020-12-06,67232781.0,1539710.0,43178578.0
2020-12-07,67752800.0,1548425.0,43591717.0
2020-12-08,68396288.0,1560838.0,44032488.0
2020-12-09,69066199.0,1573425.0,44458968.0
2020-12-10,70564412.0,1586121.0,44950194.0
2020-12-11,71268909.0,1599149.0,45428334.0
2020-12-12,71903759.0,1609694.0,46933277.0
2020-12-13,72434597.0,1617153.0,47328396.0
2020-12-14,72959984.0,1626325.0,47737930.0
2020-12-15,73596190.0,1640431.0,41696563.0
2020-12-16,74329916.0,1653937.0,42058783.0
2020-12-17,75069498.0,1667388.0,42434192.0
2020-12-18,75789960.0,1680178.0,42751920.0
2020-12-19,76401213.0,1690950.0,43103506.0
2020-12-20,76934686.0,1698865.0,43380335.0
2020-12-21,77483983.0,1708512.0,43723555.0
2020-12-22,78134244.0,1722999.0,44086740.0
2020-12-23,78829366.0,1736628.0,44410880.0
2020-12-24,79496006.0,1748259.0,44725552.0
2020-12-25,79961556.0,1756861.0,45017158.0
2020-12-26,80474158.0,1764260.0,45425322.0
2020-12-27,80912611.0,1771659.0,45717710.0
2020-12-28,81408934.0,1781415.0,46016136.0
2020-12-29,82073362.0,1796786.0,46369231.0
2020-12-30,82834592.0,1811843.0,46757476.0
2020-12-31,83559601.0,1825012.0,47032627.0
2021-01-01,84092619.0,1834675.0,47313005.0
2021-01-02,84718978.0,1843108.0,47614297.0
2021-01-03,85251774.0,1850449.0,47882779.0
2021-01-04,85805892.0,1860598.0,48173187.0
2021-01-05,86546014.0,1875953.0,48488548.0
2021-01-06,87329386.0,1891006.0,48801673.0
2021-01-07,88210223.0,1905926.0,49125604.0
2021-01-08,89013445.0,1921092.0,49422867.0
2021-01-09,89774439.0,1933877.0,49753112.0
2021-01-10,90363573.0,1942225.0,50023662.0
2021-01-11,90983503.0,1952549.0,50313950.0
2021-01-12,91689011.0,1969887.0,50657507.0
2021-01-13,92437399.0,1986359.0,51023568.0
2021-01-14,93192627.0,2001730.0,51396413.0
2021-01-15,93959814.0,2016841.0,51717035.0
2021-01-16,94598958.0,2030089.0,52034090.0
2021-01-17,95128170.0,2038753.0,52349805.0
2021-01-18,95643236.0,2048179.0,52668558.0
2021-01-19,96251662.0,2065030.0,53071502.0
2021-01-20,96944599.0,2082668.0,53399273.0
2021-01-21,97600922.0,2099457.0,53765412.0
2021-01-22,98259983.0,2115478.0,54147169.0
2021-01-23,98828107.0,2128772.0,54463662.0
2021-01-24,99273761.0,2137740.0,54774619.0
2021-01-25,99771101.0,2148508.0,55089060.0
2021-01-26,100327339.0,2165816.0,55418603.0
2021-01-27,100925700.0,2182496.0,55759372.0
2021-01-28,101539951.0,2199547.0,56075031.0
2021-01-29,102130394.0,2214494.0,56439138.0
2021-01-30,102645724.0,2228080.0,56790304.0
2021-01-31,103027363.0,2236070.0,57079203.0
2021-02-01,103474137.0,2246288.0,57351845.0
2021-02-02,103932094.0,2261124.0,57702035.0
2021-02-03,104454075.0,2276852.0,58031882.0
2021-02-04,104920982.0,2289386.0,58325871.0
2021-02-05,105456410.0,2305957.0,58607158.0
2021-02-06,105828535.0,2316094.0,58901715.0
2021-02-07,106226613.0,2324080.0,59179150.0
2021-02-08,106542506.0,2332412.0,59411984.0
2021-02-09,106970539.0,2347949.0,59783592.0
2021-02-10,107406280.0,2361352.0,60052900.0
2021-02-11,107847745.0,2374826.0,60328985.0
2021-02-12,108276434.0,2387299.0,60616584.0
2021-02-13,108649735.0,2397104.0,60862827.0
2021-02-14,108943585.0,2403466.0,61058258.0
2021-02-15,109226751.0,2410360.0,61346871.0
2021-02-16,109577771.0,2421278.0,61582276.0
2021-02-17,109973326.0,2432617.0,61876217.0
2021-02-18,110376842.0,2443987.0,62112835.0
2021-02-19,110789361.0,2455035.0,62347471.0
2021-02-20,111159816.0,2463547.0,62616687.0
2021-02-21,111474262.0,2469427.0,62833944.0
2021-02-22,111762700.0,2476376.0,63016514.0
2021-02-23,112151553.0,2487556.0,63295144.0
2021-02-24,112596489.0,2499559.0,63504603.0
2021-02-25,113043967.0,2509724.0,63732295.0
2021-02-26,113487006.0,2519974.0,63992563.0
2021-02-27,113876236.0,2528114.0,64243285.0
2021-02-28,114179745.0,2533548.0,64418462.0
2021-03-01,114485609.0,2540757.0,64633388.0
2021-03-02,114795897.0,2551191.0,64903492.0
2021-03-03,115237039.0,2562264.0,65132900.0
2021-03-04,115690088.0,2572042.0,65383180.0
2021-03-05,116137142.0,2582059.0,65609540.0
2021-03-06,116547675.0,2589891.0,65846043.0
2021-03-07,116915987.0,2595165.0,66084363.0
2021-03-08,117214710.0,2602025.0,66358921.0
2021-03-09,117629375.0,2612006.0,66621154.0
2021-03-10,118096454.0,2621697.0,66856510.0
2021-03-11,118573350.0,2631464.0,67129127.0
2021-03-12,119062678.0,2641092.0,67397683.0
2021-03-13,119516794.0,2649078.0,67650215.0
2021-03-14,119877179.0,2654577.0,67895903.0
2021-03-15,120226080.0,2661398.0,68185782.0
2021-03-16,120699093.0,2671288.0,68452267.0
2021-03-17,121238378.0,2681413.0,68716803.0
2021-03-18,121792101.0,2691987.0,68985879.0
2021-03-19,122353780.0,2702386.0,69264940.0
2021-03-20,122852600.0,2710432.0,69523151.0
2021-03-21,123275915.0,2716233.0,69803250.0
2021-03-22,123692736.0,2723729.0,70137879.0
2021-03-23,124206981.0,2734835.0,70451021.0
2021-03-24,124840562.0,2744557.0,70786663.0
2021-03-25,125491912.0,2755896.0,71098480.0
2021-03-26,126133263.0,2768118.0,71463066.0
2021-03-27,126717855.0,2777955.0,71768319.0
2021-03-28,127187813.0,2784435.0,72097107.0
2021-03-29,127646218.0,2792398.0,72401543.0
2021-03-30,128214491.0,2803971.0,72736786.0
2021-03-31,128897696.0,2816248.0,73119295.0
2021-04-01,129609483.0,2828123.0,73464081.0
2021-04-02,130243222.0,2838382.0,73784288.0
2021-04-03,130772665.0,2846779.0,74150289.0
2021-04-04,131325468.0,2853709.0,74498477.0
2021-04-05,131815052.0,2861183.0,74846290.0
2021-04-06,132419139.0,2873010.0,75216286.0
2021-04-07,133103485.0,2887858.0,75699591.0
2021-04-08,133943335.0,2902512.0,76094850.0
2021-04-09,134691380.0,2915934.0,76548563.0
2021-04-10,135355887.0,2928349.0,76933557.0
2021-04-11,136046628.0,2936924.0,77464029.0
2021-04-12,136663253.0,2946232.0,77858761.0
2021-04-13,137442820.0,2959574.0,78345223.0
2021-04-14,138259845.0,2973125.0,78792113.0
2021-04-15,139076606.0,2986338.0,79236515.0
2021-04-16,139931461.0,2999175.0,79740632.0
2021-04-17,140719503.0,3011198.0,80259168.0
2021-04-18,141404998.0,3019823.0,80839359.0
2021-04-19,142098420.0,3030332.0,81374734.0
2021-04-20,142952845.0,3044533.0,81979571.0
2021-04-21,143842820.0,3058651.0,82491871.0
2021-04-22,144742575.0,3072396.0,83128167.0
2021-04-23,145646322.0,3086756.0,83767999.0
2021-04-24,146467262.0,3100051.0,84344290.0
2021-04-25,147189618.0,3109724.0,84878104.0
2021-04-26,147872402.0,3120896.0,85565470.0
2021-04-27,148716872.0,3135393.0,86246374.0
2021-04-28,149622864.0,3151122.0,86843039.0
2021-04-29,150520466.0,3166125.0,87550355.0
2021-04-30,151399480.0,3180403.0,88236951.0
2021-05-01,152196159.0,3192977.0,88919401.0
2021-05-02,152870507.0,3202930.0,89612415.0
2021-05-03,153552097.0,3214016.0,90255904.0
2021-05-04,154359533.0,3227921.0,90912804.0
2021-05-05,155200757.0,3242126.0,91626286.0
2021-05-06,156070729.0,3256371.0,92301898.0
2021-05-07,156902287.0,3270109.0,92998027.0
2021-05-08,157688833.0,3283286.0,93709032.0
2021-05-09,158330372.0,3293188.0,94371825.0
2021-05-10,158952301.0,3303957.0,95000511.0
2021-05-11,159690774.0,3317579.0,95751515.0
2021-05-12,160450873.0,3331516.0,96399064.0
2021-05-13,161176148.0,3344655.0,97089181.0
2021-05-14,161894208.0,3357785.0,97754528.0
2021-05-15,162521726.0,3369435.0,98397065.0
2021-05-16,163069932.0,3379526.0,99064469.0
2021-05-17,163609626.0,3390170.0,99808931.0
2021-05-18,164231811.0,3404419.0,100552044.0
2021-05-19,164902903.0,3417763.0,101250071.0
2021-05-20,165182316.0,3430539.0,101886760.0
2021-05-21,165808192.0,3443314.0,102501548.0
2021-05-22,166385987.0,3454660.0,103118309.0
2021-05-23,166862062.0,3464212.0,103620280.0
2021-05-24,167316362.0,3473036.0,104247872.0
2021-05-25,167848207.0,3485788.0,104824935.0
2021-05-26,168416423.0,3498544.0,105380748.0
2021-05-27,168970791.0,3511297.0,106078106.0
2021-05-28,169470725.0,3523117.0,106633069.0
2021-05-29,169951560.0,3533619.0,107140669.0
